label,sentence
1,"Works perfectly as described, very happy with it."
0,Disappointed with the overall quality.
0,Avoid this product at all costs.
1,Excellent product that I use daily.
1,"Perfect for my needs, couldn't be happier."
1,Top-notch quality throughout.
1,The best product in its category that I have used.
0,Many better alternatives available.
1,Exceptional build quality and attention to detail.
0,Regret purchasing this item.
1,Top-notch quality throughout.
1,"Works perfectly as described, very happy with it."
1,Highly recommend this to anyone looking.
0,Disappointed with the overall quality.
0,Disappointed with the overall quality.
1,"Great value for money, highly satisfied with this purchase."
1,"Fantastic purchase, exactly what I was looking for."
1,Great features at an affordable price point.
1,"Great value for money, highly satisfied with this purchase."
1,Very pleased with this purchase decision.
1,"Works perfectly as described, very happy with it."
0,Cheap construction and poor design.
0,Many better alternatives available.
0,Terrible customer service and support.
0,Disappointed with the overall quality.
0,"Not worth the price, very disappointed."
1,Very pleased with this purchase decision.
1,"Absolutely love this product, would buy again."
0,Many better alternatives available.
0,Terrible customer service and support.
0,The worst product I have ever bought.
1,Amazing product that delivers on all promises.
1,"Absolutely love this product, would buy again."
1,High quality materials and excellent craftsmanship.
1,"Great value for money, highly satisfied with this purchase."
0,Disappointed with the overall quality.
1,"Perfect for my needs, couldn't be happier."
0,Terrible customer service and support.
0,Returned it immediately due to defects.
1,"Absolutely love this product, would buy again."
0,Does not work as advertised at all.
1,"Fantastic purchase, exactly what I was looking for."
0,Failed to meet basic expectations.
0,Not durable and feels cheaply made.
1,Great features at an affordable price point.
1,"Fantastic purchase, exactly what I was looking for."
0,Many better alternatives available.
1,The product quality is excellent and exceeded my expectations.
1,"Absolutely love this product, would buy again."
0,The worst product I have ever bought.
1,Exceptional build quality and attention to detail.
1,The best product in its category that I have used.
1,Very impressed with the durability and design.
0,Many better alternatives available.
0,Not durable and feels cheaply made.
0,Not durable and feels cheaply made.
1,Exceptional build quality and attention to detail.
1,Exceptional build quality and attention to detail.
1,Exceptional build quality and attention to detail.
1,"Absolutely love this product, would buy again."
1,Outstanding performance and very reliable.
1,The customer service was also excellent.
0,The product stopped working after few uses.
0,Poor quality product that broke quickly.
0,Terrible customer service and support.
1,Amazing product that delivers on all promises.
0,Does not work as advertised at all.
0,The worst product I have ever bought.
1,Superior features compared to other products.
0,Very dissatisfied with this purchase.
0,Overpriced for what you actually get.
1,Top-notch quality throughout.
0,Very dissatisfied with this purchase.
0,Complete waste of money and time.
0,Low quality materials used in construction.
0,Avoid this product at all costs.
0,Does not work as advertised at all.
1,Excellent product that I use daily.
0,Failed to meet basic expectations.
0,Complete waste of money and time.
1,Superior features compared to other products.
0,The worst product I have ever bought.
0,Many better alternatives available.
0,Very dissatisfied with this purchase.
1,Superior features compared to other products.
1,Amazing product that delivers on all promises.
1,"Great value for money, highly satisfied with this purchase."
1,"Great value for money, highly satisfied with this purchase."
0,Complete waste of money and time.
1,"Fantastic purchase, exactly what I was looking for."
1,The best product in its category that I have used.
0,Does not work as advertised at all.
1,Great features at an affordable price point.
0,The worst product I have ever bought.
1,High quality materials and excellent craftsmanship.
1,Great features at an affordable price point.
1,The product quality is excellent and exceeded my expectations.
1,"Great value for money, highly satisfied with this purchase."
0,Would not recommend this to anyone.
1,Outstanding performance and very reliable.
1,Top-notch quality throughout.
1,The product quality is excellent and exceeded my expectations.
0,Very dissatisfied with this purchase.
0,Poor quality product that broke quickly.
1,"Perfect for my needs, couldn't be happier."
0,The product stopped working after few uses.
1,Highly recommend this to anyone looking.
1,"Great value for money, highly satisfied with this purchase."
1,"Fantastic purchase, exactly what I was looking for."
0,Complete waste of money and time.
1,Top-notch quality throughout.
0,Very dissatisfied with this purchase.
0,Complete waste of money and time.
0,"Not worth the price, very disappointed."
0,Disappointed with the overall quality.
0,Many better alternatives available.
0,Poor quality product that broke quickly.
1,Great features at an affordable price point.
0,Returned it immediately due to defects.
0,Disappointed with the overall quality.
1,"Great value for money, highly satisfied with this purchase."
1,Great features at an affordable price point.
0,Terrible customer service and support.
0,Does not work as advertised at all.
1,Excellent product that I use daily.
1,The customer service was also excellent.
0,Poor quality product that broke quickly.
1,Better than expected in every way.
0,Would give zero stars if possible.
0,Does not work as advertised at all.
1,"Perfect for my needs, couldn't be happier."
0,Low quality materials used in construction.
1,Better than expected in every way.
1,High quality materials and excellent craftsmanship.
0,Terrible customer service and support.
1,Very impressed with the durability and design.
1,Highly recommend this to anyone looking.
1,"Works perfectly as described, very happy with it."
1,Very impressed with the durability and design.
1,The best product in its category that I have used.
1,Very pleased with this purchase decision.
1,"Works perfectly as described, very happy with it."
1,Better than expected in every way.
1,The product quality is excellent and exceeded my expectations.
0,Would not recommend this to anyone.
1,"Fantastic purchase, exactly what I was looking for."
0,Regret purchasing this item.
0,Complete waste of money and time.
1,Very pleased with this purchase decision.
1,Better than expected in every way.
0,Complete waste of money and time.
0,Cheap construction and poor design.
0,Complete waste of money and time.
0,Would not recommend this to anyone.
0,Failed to meet basic expectations.
1,The customer service was also excellent.
1,Great features at an affordable price point.
0,Not durable and feels cheaply made.
1,"Fantastic purchase, exactly what I was looking for."
1,Great features at an affordable price point.
0,Very dissatisfied with this purchase.
1,Great features at an affordable price point.
1,Superior features compared to other products.
0,Would not recommend this to anyone.
0,Would give zero stars if possible.
1,Excellent product that I use daily.
1,Highly recommend this to anyone looking.
1,Highly recommend this to anyone looking.
0,Failed to meet basic expectations.
0,Complete waste of money and time.
1,The product quality is excellent and exceeded my expectations.
1,The product quality is excellent and exceeded my expectations.
0,Regret purchasing this item.
0,"Not worth the price, very disappointed."
1,"Perfect for my needs, couldn't be happier."
1,High quality materials and excellent craftsmanship.
0,Cheap construction and poor design.
1,The customer service was also excellent.
1,Exceptional build quality and attention to detail.
1,"Absolutely love this product, would buy again."
1,Outstanding performance and very reliable.
1,The product quality is excellent and exceeded my expectations.
0,Would give zero stars if possible.
0,"Not worth the price, very disappointed."
0,The worst product I have ever bought.
0,Regret purchasing this item.
0,Low quality materials used in construction.
0,Terrible customer service and support.
0,Failed to meet basic expectations.
1,Very pleased with this purchase decision.
0,Returned it immediately due to defects.
0,Terrible customer service and support.
1,Outstanding performance and very reliable.
1,Very impressed with the durability and design.
0,Poor quality product that broke quickly.
1,Top-notch quality throughout.
0,Very dissatisfied with this purchase.
0,Poor quality product that broke quickly.
0,Many better alternatives available.
1,"Works perfectly as described, very happy with it."
1,Very impressed with the durability and design.
0,Not durable and feels cheaply made.
0,The worst product I have ever bought.
1,"Great value for money, highly satisfied with this purchase."
1,Great features at an affordable price point.
1,Superior features compared to other products.
1,Superior features compared to other products.
1,"Works perfectly as described, very happy with it."
1,Amazing product that delivers on all promises.
0,Avoid this product at all costs.
0,Terrible customer service and support.
0,Failed to meet basic expectations.
0,Failed to meet basic expectations.
1,High quality materials and excellent craftsmanship.
1,"Fantastic purchase, exactly what I was looking for."
1,"Fantastic purchase, exactly what I was looking for."
0,Very dissatisfied with this purchase.
1,Better than expected in every way.
0,Failed to meet basic expectations.
1,Outstanding performance and very reliable.
1,Excellent product that I use daily.
0,Regret purchasing this item.
1,Very impressed with the durability and design.
0,The product stopped working after few uses.
0,Returned it immediately due to defects.
0,Failed to meet basic expectations.
0,Disappointed with the overall quality.
0,Does not work as advertised at all.
1,The product quality is excellent and exceeded my expectations.
0,Would give zero stars if possible.
1,"Works perfectly as described, very happy with it."
0,Overpriced for what you actually get.
1,The best product in its category that I have used.
0,Very dissatisfied with this purchase.
0,Low quality materials used in construction.
1,Excellent product that I use daily.
0,Regret purchasing this item.
1,Exceptional build quality and attention to detail.
0,Not durable and feels cheaply made.
1,The best product in its category that I have used.
0,Poor quality product that broke quickly.
0,Low quality materials used in construction.
0,Avoid this product at all costs.
1,Exceptional build quality and attention to detail.
1,"Fantastic purchase, exactly what I was looking for."
0,Failed to meet basic expectations.
0,Disappointed with the overall quality.
0,Avoid this product at all costs.
1,Excellent product that I use daily.
1,Highly recommend this to anyone looking.
1,Top-notch quality throughout.
1,"Perfect for my needs, couldn't be happier."
1,"Works perfectly as described, very happy with it."
0,Returned it immediately due to defects.
1,High quality materials and excellent craftsmanship.
1,Highly recommend this to anyone looking.
0,Overpriced for what you actually get.
1,Highly recommend this to anyone looking.
1,Amazing product that delivers on all promises.
1,"Perfect for my needs, couldn't be happier."
1,High quality materials and excellent craftsmanship.
0,Overpriced for what you actually get.
0,The product stopped working after few uses.
1,"Perfect for my needs, couldn't be happier."
0,Would give zero stars if possible.
0,The product stopped working after few uses.
1,Excellent product that I use daily.
1,The product quality is excellent and exceeded my expectations.
1,Highly recommend this to anyone looking.
0,Would give zero stars if possible.
0,Would not recommend this to anyone.
0,The worst product I have ever bought.
1,Highly recommend this to anyone looking.
1,"Works perfectly as described, very happy with it."
0,"Not worth the price, very disappointed."
0,The worst product I have ever bought.
0,The worst product I have ever bought.
1,"Great value for money, highly satisfied with this purchase."
1,Very impressed with the durability and design.
0,Low quality materials used in construction.
0,Returned it immediately due to defects.
1,Excellent product that I use daily.
0,Avoid this product at all costs.
0,"Not worth the price, very disappointed."
0,Disappointed with the overall quality.
0,Many better alternatives available.
0,Avoid this product at all costs.
1,Very pleased with this purchase decision.
1,Exceptional build quality and attention to detail.
0,Poor quality product that broke quickly.
1,Great features at an affordable price point.
1,Highly recommend this to anyone looking.
1,Very pleased with this purchase decision.
1,Amazing product that delivers on all promises.
1,The customer service was also excellent.
1,"Great value for money, highly satisfied with this purchase."
0,Failed to meet basic expectations.
1,Excellent product that I use daily.
0,Would give zero stars if possible.
0,Would not recommend this to anyone.
1,Very impressed with the durability and design.
0,Does not work as advertised at all.
0,Poor quality product that broke quickly.
0,Overpriced for what you actually get.
1,The customer service was also excellent.
0,Poor quality product that broke quickly.
1,Top-notch quality throughout.
0,The product stopped working after few uses.
1,"Absolutely love this product, would buy again."
1,The customer service was also excellent.
1,Top-notch quality throughout.
0,Not durable and feels cheaply made.
0,Complete waste of money and time.
0,Low quality materials used in construction.
0,Poor quality product that broke quickly.
1,Top-notch quality throughout.
0,Overpriced for what you actually get.
1,"Fantastic purchase, exactly what I was looking for."
0,Avoid this product at all costs.
0,Not durable and feels cheaply made.
1,"Great value for money, highly satisfied with this purchase."
0,Terrible customer service and support.
0,"Not worth the price, very disappointed."
0,Regret purchasing this item.
1,Amazing product that delivers on all promises.
0,Overpriced for what you actually get.
0,Does not work as advertised at all.
0,Disappointed with the overall quality.
0,The worst product I have ever bought.
1,Superior features compared to other products.
0,Cheap construction and poor design.
1,"Absolutely love this product, would buy again."
1,"Fantastic purchase, exactly what I was looking for."
1,Better than expected in every way.
0,Cheap construction and poor design.
0,Complete waste of money and time.
1,Great features at an affordable price point.
1,Amazing product that delivers on all promises.
0,Would give zero stars if possible.
0,Regret purchasing this item.
1,The product quality is excellent and exceeded my expectations.
0,Not durable and feels cheaply made.
1,The customer service was also excellent.
1,"Absolutely love this product, would buy again."
1,The product quality is excellent and exceeded my expectations.
0,The product stopped working after few uses.
0,Returned it immediately due to defects.
1,Excellent product that I use daily.
0,Many better alternatives available.
0,Overpriced for what you actually get.
1,Amazing product that delivers on all promises.
0,Regret purchasing this item.
1,"Perfect for my needs, couldn't be happier."
0,"Not worth the price, very disappointed."
0,Does not work as advertised at all.
1,The customer service was also excellent.
0,Returned it immediately due to defects.
0,Does not work as advertised at all.
0,Cheap construction and poor design.
0,Avoid this product at all costs.
1,Very impressed with the durability and design.
0,Would give zero stars if possible.
1,The best product in its category that I have used.
1,The best product in its category that I have used.
1,"Absolutely love this product, would buy again."
0,Very dissatisfied with this purchase.
1,Great features at an affordable price point.
0,The product stopped working after few uses.
1,Outstanding performance and very reliable.
1,"Works perfectly as described, very happy with it."
0,The product stopped working after few uses.
1,"Great value for money, highly satisfied with this purchase."
1,Outstanding performance and very reliable.
1,Outstanding performance and very reliable.
0,Returned it immediately due to defects.
1,High quality materials and excellent craftsmanship.
0,Avoid this product at all costs.
0,Returned it immediately due to defects.
0,Disappointed with the overall quality.
0,Disappointed with the overall quality.
0,Would give zero stars if possible.
0,Many better alternatives available.
1,"Great value for money, highly satisfied with this purchase."
0,Failed to meet basic expectations.
1,"Works perfectly as described, very happy with it."
0,Regret purchasing this item.
1,Exceptional build quality and attention to detail.
1,The customer service was also excellent.
1,The best product in its category that I have used.
0,Low quality materials used in construction.
0,Not durable and feels cheaply made.
0,Avoid this product at all costs.
0,Complete waste of money and time.
0,Complete waste of money and time.
0,Overpriced for what you actually get.
0,Terrible customer service and support.
0,Avoid this product at all costs.
0,Would give zero stars if possible.
1,"Absolutely love this product, would buy again."
0,Terrible customer service and support.
0,Not durable and feels cheaply made.
0,Overpriced for what you actually get.
1,Better than expected in every way.
1,Very impressed with the durability and design.
0,Low quality materials used in construction.
0,Returned it immediately due to defects.
0,Many better alternatives available.
0,The product stopped working after few uses.
0,Would give zero stars if possible.
1,Top-notch quality throughout.
0,Disappointed with the overall quality.
1,Top-notch quality throughout.
0,Does not work as advertised at all.
0,Very dissatisfied with this purchase.
1,Outstanding performance and very reliable.
0,Low quality materials used in construction.
1,Very impressed with the durability and design.
0,Cheap construction and poor design.
1,"Great value for money, highly satisfied with this purchase."
0,Poor quality product that broke quickly.
1,High quality materials and excellent craftsmanship.
1,The best product in its category that I have used.
1,Superior features compared to other products.
1,Better than expected in every way.
0,"Not worth the price, very disappointed."
0,Would not recommend this to anyone.
0,Returned it immediately due to defects.
1,"Perfect for my needs, couldn't be happier."
0,Poor quality product that broke quickly.
0,Low quality materials used in construction.
0,"Not worth the price, very disappointed."
1,Exceptional build quality and attention to detail.
0,Many better alternatives available.
1,The product quality is excellent and exceeded my expectations.
0,Not durable and feels cheaply made.
1,High quality materials and excellent craftsmanship.
1,Better than expected in every way.
0,Does not work as advertised at all.
0,Avoid this product at all costs.
1,Better than expected in every way.
0,Low quality materials used in construction.
1,"Works perfectly as described, very happy with it."
1,"Perfect for my needs, couldn't be happier."
1,Superior features compared to other products.
1,High quality materials and excellent craftsmanship.
1,The product quality is excellent and exceeded my expectations.
1,Better than expected in every way.
1,The best product in its category that I have used.
0,Would give zero stars if possible.
1,Top-notch quality throughout.
1,Very pleased with this purchase decision.
1,The best product in its category that I have used.
1,Very pleased with this purchase decision.
1,Better than expected in every way.
1,Exceptional build quality and attention to detail.
1,Amazing product that delivers on all promises.
0,Cheap construction and poor design.
0,The worst product I have ever bought.
1,Superior features compared to other products.
0,Regret purchasing this item.
1,"Absolutely love this product, would buy again."
1,Superior features compared to other products.
1,Outstanding performance and very reliable.
0,Would not recommend this to anyone.
0,Regret purchasing this item.
0,Failed to meet basic expectations.
1,Superior features compared to other products.
0,Would not recommend this to anyone.
0,"Not worth the price, very disappointed."
1,The customer service was also excellent.
0,Would not recommend this to anyone.
0,Low quality materials used in construction.
1,High quality materials and excellent craftsmanship.
0,Not durable and feels cheaply made.
1,Better than expected in every way.
0,Does not work as advertised at all.
0,Would not recommend this to anyone.
1,Very impressed with the durability and design.
1,Outstanding performance and very reliable.
1,Excellent product that I use daily.
1,Exceptional build quality and attention to detail.
0,Cheap construction and poor design.
0,Complete waste of money and time.
0,Terrible customer service and support.
1,Very pleased with this purchase decision.
1,"Fantastic purchase, exactly what I was looking for."
0,Returned it immediately due to defects.
0,Cheap construction and poor design.
0,Overpriced for what you actually get.
1,"Fantastic purchase, exactly what I was looking for."
0,"Not worth the price, very disappointed."
1,The customer service was also excellent.
1,Highly recommend this to anyone looking.
1,High quality materials and excellent craftsmanship.
1,Outstanding performance and very reliable.
1,Very impressed with the durability and design.
0,Cheap construction and poor design.
1,Very impressed with the durability and design.
1,Better than expected in every way.
0,The product stopped working after few uses.
1,Superior features compared to other products.
0,Many better alternatives available.
1,"Perfect for my needs, couldn't be happier."
1,Excellent product that I use daily.
1,Very pleased with this purchase decision.
0,Would not recommend this to anyone.
0,Cheap construction and poor design.
1,High quality materials and excellent craftsmanship.
0,Very dissatisfied with this purchase.
1,"Perfect for my needs, couldn't be happier."
0,Terrible customer service and support.
1,Very pleased with this purchase decision.
0,Many better alternatives available.
0,Overpriced for what you actually get.
0,Returned it immediately due to defects.
1,Excellent product that I use daily.
1,Highly recommend this to anyone looking.
0,The product stopped working after few uses.
1,Top-notch quality throughout.
0,Not durable and feels cheaply made.
0,"Not worth the price, very disappointed."
1,Highly recommend this to anyone looking.
1,Amazing product that delivers on all promises.
1,Amazing product that delivers on all promises.
1,The best product in its category that I have used.
0,The product stopped working after few uses.
0,Terrible customer service and support.
1,Amazing product that delivers on all promises.
1,Outstanding performance and very reliable.
1,"Works perfectly as described, very happy with it."
0,Overpriced for what you actually get.
1,The customer service was also excellent.
1,"Absolutely love this product, would buy again."
0,Poor quality product that broke quickly.
0,The product stopped working after few uses.
0,Poor quality product that broke quickly.
1,Superior features compared to other products.
1,The customer service was also excellent.
1,Very pleased with this purchase decision.
0,Cheap construction and poor design.
0,Failed to meet basic expectations.
1,Excellent product that I use daily.
0,"Not worth the price, very disappointed."
1,Outstanding performance and very reliable.
0,The worst product I have ever bought.
1,The product quality is excellent and exceeded my expectations.
1,Exceptional build quality and attention to detail.
1,Great features at an affordable price point.
0,Low quality materials used in construction.
0,Does not work as advertised at all.
0,Cheap construction and poor design.
0,Avoid this product at all costs.
1,The product quality is excellent and exceeded my expectations.
0,Regret purchasing this item.
0,The worst product I have ever bought.
1,"Fantastic purchase, exactly what I was looking for."
1,Exceptional build quality and attention to detail.
0,"Not worth the price, very disappointed."
0,Overpriced for what you actually get.
1,Top-notch quality throughout.
1,Very pleased with this purchase decision.
0,Returned it immediately due to defects.
0,Regret purchasing this item.
0,Overpriced for what you actually get.
0,The worst product I have ever bought.
1,Very impressed with the durability and design.
0,Complete waste of money and time.
1,Highly recommend this to anyone looking.
0,Would give zero stars if possible.
0,Disappointed with the overall quality.
1,"Absolutely love this product, would buy again."
0,Failed to meet basic expectations.
0,Very dissatisfied with this purchase.
1,Outstanding performance and very reliable.
1,"Works perfectly as described, very happy with it."
0,Avoid this product at all costs.
0,Regret purchasing this item.
1,"Perfect for my needs, couldn't be happier."
1,The best product in its category that I have used.
1,The best product in its category that I have used.
0,Not durable and feels cheaply made.
0,Cheap construction and poor design.
0,Would not recommend this to anyone.
0,Would give zero stars if possible.
0,Would not recommend this to anyone.
1,"Absolutely love this product, would buy again."
1,Amazing product that delivers on all promises.
0,Would not recommend this to anyone.
1,High quality materials and excellent craftsmanship.
0,Very dissatisfied with this purchase.
0,Very dissatisfied with this purchase.
1,Better than expected in every way.
0,Low quality materials used in construction.
1,Great features at an affordable price point.
1,The customer service was also excellent.
1,Superior features compared to other products.
1,Amazing product that delivers on all promises.
1,Very pleased with this purchase decision.
0,The product stopped working after few uses.
1,"Perfect for my needs, couldn't be happier."
